{"cameraMode":{"drawMode":0,"name":"Shaded","section":"Shading Mode"},"sceneLighting":true,"audioPlay":false,"sceneViewState":{"showFog":true,"showMaterialUpdate":false,"showSkybox":true,"showFlares":true,"showImageEffects":true,"showParticleSystems":true},"in2DMode":false,"pivot":{"x":1969.0123291015625,"y":1573.788818359375,"z":0.0},"rotation":{"x":0.032960470765829089,"y":-0.04496102035045624,"z":0.0014836005866527558,"w":0.9984498620033264},"size":2296.914794921875,"orthographic":true}